	IDs	Predictions
0	31336	Neural_Networks
1	1061127	Neural_Networks
2	1106406	Reinforcement_Learning
3	13195	Reinforcement_Learning
4	37879	Probabilistic_Methods
5	1126012	Theory
6	1107140	Case_Based
7	1102850	Neural_Networks
8	31349	Neural_Networks
9	1106418	Theory
10	1123188	Neural_Networks
11	1128990	Genetic_Algorithms
12	109323	Probabilistic_Methods
13	217139	Case_Based
14	31353	Neural_Networks
15	32083	Neural_Networks
16	1126029	Neural_Networks
17	1118017	Neural_Networks
18	49482	Neural_Networks
19	753265	Probabilistic_Methods
20	249858	Theory
21	1113739	Reinforcement_Learning
22	48766	Genetic_Algorithms
23	646195	Probabilistic_Methods
24	1126050	Neural_Networks
25	59626	Theory
26	340299	Neural_Networks
27	354004	Probabilistic_Methods
28	242637	Neural_Networks
29	1106492	Theory
30	74975	Case_Based
31	1152272	Neural_Networks
32	100701	Case_Based
33	66982	Neural_Networks
34	13960	Reinforcement_Learning
35	13966	Reinforcement_Learning
36	66990	Neural_Networks
37	182093	Genetic_Algorithms
38	182094	Genetic_Algorithms
39	13972	Reinforcement_Learning
40	13982	Theory
41	16819	Probabilistic_Methods
42	273152	Genetic_Algorithms
43	237521	Neural_Networks
44	1153703	Case_Based
45	32872	Probabilistic_Methods
46	284025	Neural_Networks
47	218666	Neural_Networks
48	16843	Probabilistic_Methods
49	1153724	Neural_Networks
50	1153728	Case_Based
51	158098	Probabilistic_Methods
52	8699	Neural_Networks
53	1134865	Genetic_Algorithms
54	28456	Theory
55	248425	Genetic_Algorithms
56	1112319	Theory
57	28471	Reinforcement_Learning
58	175548	Neural_Networks
59	696345	Neural_Networks
60	28485	Neural_Networks
61	1139195	Case_Based
62	35778	Probabilistic_Methods
63	28491	Reinforcement_Learning
64	310530	Case_Based
65	1153784	Neural_Networks
66	1481	Case_Based
67	1153786	Case_Based
68	13212	Neural_Networks
69	1111614	Case_Based
70	5055	Theory
71	4329	Probabilistic_Methods
72	330148	Neural_Networks
73	1105062	Neural_Networks
74	4330	Neural_Networks
75	5062	Case_Based
76	4335	Probabilistic_Methods
77	158812	Neural_Networks
78	40124	Probabilistic_Methods
79	1103610	Theory
80	688361	Neural_Networks
81	302545	Probabilistic_Methods
82	20534	Reinforcement_Learning
83	1031453	Neural_Networks
84	5086	Probabilistic_Methods
85	193742	Neural_Networks
86	58268	Neural_Networks
87	424	Neural_Networks
88	40151	Neural_Networks
89	636098	Theory
90	260121	Neural_Networks
91	950052	Case_Based
92	434	Case_Based
93	1131270	Neural_Networks
94	1131274	Probabilistic_Methods
95	1131277	Probabilistic_Methods
96	1110947	Case_Based
97	662279	Neural_Networks
98	1139928	Theory
99	153063	Probabilistic_Methods
100	134199	Genetic_Algorithms
101	641956	Neural_Networks
102	20584	Neural_Networks
103	1130567	Reinforcement_Learning
104	171225	Neural_Networks
105	714879	Probabilistic_Methods
106	37998	Rule_Learning
107	50336	Neural_Networks
108	50337	Probabilistic_Methods
109	15429	Theory
110	23448	Neural_Networks
111	1122574	Neural_Networks
112	1110998	Neural_Networks
113	853150	Neural_Networks
114	15431	Neural_Networks
115	646286	Probabilistic_Methods
116	1152307	Case_Based
117	1115291	Neural_Networks
118	1106547	Reinforcement_Learning
119	68463	Genetic_Algorithms
120	59715	Genetic_Algorithms
121	69198	Neural_Networks
122	7272	Neural_Networks
123	163235	Neural_Networks
124	7276	Neural_Networks
125	34315	Probabilistic_Methods
126	644843	Probabilistic_Methods
127	7297	Neural_Networks
128	628815	Neural_Networks
129	35061	Genetic_Algorithms
130	68495	Rule_Learning
131	1136310	Probabilistic_Methods
132	18313	Neural_Networks
133	34355	Neural_Networks
134	45212	Neural_Networks
135	1153091	Theory
136	8703	Case_Based
137	126920	Probabilistic_Methods
138	126927	Probabilistic_Methods
139	595157	Genetic_Algorithms
140	140005	Theory
141	1117476	Genetic_Algorithms
142	59798	Neural_Networks
143	219446	Neural_Networks
144	44514	Neural_Networks
145	287787	Genetic_Algorithms
146	157401	Case_Based
147	1154500	Genetic_Algorithms
148	682666	Reinforcement_Learning
149	399173	Case_Based
150	198866	Case_Based
151	51834	Case_Based
152	200630	Neural_Networks
153	782486	Reinforcement_Learning
154	1136393	Neural_Networks
155	137849	Neural_Networks
156	1153811	Rule_Learning
157	24966	Probabilistic_Methods
158	11148	Rule_Learning
159	51866	Probabilistic_Methods
160	24974	Neural_Networks
161	137868	Probabilistic_Methods
162	28542	Genetic_Algorithms
163	35	Theory
164	116021	Rule_Learning
165	348305	Case_Based
166	10430	Genetic_Algorithms
167	39403	Neural_Networks
168	40	Probabilistic_Methods
169	282700	Neural_Networks
170	1105116	Case_Based
171	35854	Neural_Networks
172	63477	Neural_Networks
173	124064	Neural_Networks
174	1120431	Genetic_Algorithms
175	949318	Theory
176	649944	Neural_Networks
177	63486	Neural_Networks
178	1153866	Neural_Networks
179	1140040	Probabilistic_Methods
180	1112426	Case_Based
181	239800	Rule_Learning
182	1131314	Probabilistic_Methods
183	1153891	Neural_Networks
184	1129835	Neural_Networks
185	310653	Neural_Networks
186	1130600	Neural_Networks
187	1111733	Genetic_Algorithms
188	210871	Probabilistic_Methods
189	210872	Neural_Networks
190	1132083	Genetic_Algorithms
191	132806	Rule_Learning
192	12631	Neural_Networks
193	12638	Neural_Networks
194	38771	Theory
195	232605	Neural_Networks
196	232606	Neural_Networks
197	1107312	Neural_Networks
198	1114605	Neural_Networks
199	68505	Neural_Networks
200	133553	Neural_Networks
201	144408	Neural_Networks
202	23502	Neural_Networks
203	1108050	Theory
204	23507	Genetic_Algorithms
205	83826	Probabilistic_Methods
206	133563	Neural_Networks
207	85299	Probabilistic_Methods
208	49660	Case_Based
209	593060	Rule_Learning
210	341188	Neural_Networks
211	714975	Probabilistic_Methods
212	1115375	Genetic_Algorithms
213	95435	Case_Based
214	145176	Neural_Networks
215	1113934	Theory
216	1132809	Case_Based
217	22835	Neural_Networks
218	1153148	Theory
219	41714	Genetic_Algorithms
220	1118245	Neural_Networks
221	1152436	Neural_Networks
222	1153166	Case_Based
223	1153169	Neural_Networks
224	38000	Neural_Networks
225	1152448	Neural_Networks
226	1137140	Neural_Networks
227	30895	Theory
228	5966	Neural_Networks
229	1136422	Theory
230	27174	Genetic_Algorithms
231	1128407	Neural_Networks
232	1124844	Probabilistic_Methods
233	1153195	Genetic_Algorithms
234	1113995	Genetic_Algorithms
235	1136442	Theory
236	8821	Probabilistic_Methods
237	46079	Probabilistic_Methods
238	119761	Probabilistic_Methods
239	1111052	Case_Based
240	315789	Neural_Networks
241	1108841	Genetic_Algorithms
242	1135746	Case_Based
243	100935	Neural_Networks
244	353541	Probabilistic_Methods
245	60682	Case_Based
246	253762	Theory
247	8872	Genetic_Algorithms
248	714260	Theory
249	137956	Probabilistic_Methods
250	35922	Neural_Networks
251	2354	Probabilistic_Methods
252	168410	Probabilistic_Methods
253	346292	Theory
254	1153933	Theory
255	1119751	Genetic_Algorithms
256	17798	Theory
257	400356	Genetic_Algorithms
258	10531	Genetic_Algorithms
259	1110390	Genetic_Algorithms
260	714289	Genetic_Algorithms
261	733167	Genetic_Algorithms
262	81714	Genetic_Algorithms
263	428610	Genetic_Algorithms
264	552469	Genetic_Algorithms
265	164885	Genetic_Algorithms
266	81722	Genetic_Algorithms
267	111866	Genetic_Algorithms
268	194617	Genetic_Algorithms
269	93318	Genetic_Algorithms
270	134307	Genetic_Algorithms
271	203646	Neural_Networks
272	367312	Reinforcement_Learning
273	650814	Reinforcement_Learning
274	93320	Reinforcement_Learning
275	134315	Probabilistic_Methods
276	134316	Reinforcement_Learning
277	976334	Reinforcement_Learning
278	1095507	Theory
279	134320	Rule_Learning
280	662416	Probabilistic_Methods
281	194645	Genetic_Algorithms
282	1131421	Rule_Learning
283	161221	Reinforcement_Learning
284	38839	Neural_Networks
285	38846	Neural_Networks
286	133615	Probabilistic_Methods
287	1112574	Neural_Networks
288	521207	Neural_Networks
289	3828	Case_Based
290	593105	Neural_Networks
291	390693	Theory
292	642847	Probabilistic_Methods
293	1122704	Neural_Networks
294	4584	Neural_Networks
295	7419	Reinforcement_Learning
296	30901	Probabilistic_Methods
297	1115456	Neural_Networks
298	7432	Reinforcement_Learning
299	573553	Neural_Networks
300	1022969	Neural_Networks
301	143801	Genetic_Algorithms
302	612306	Neural_Networks
303	417017	Theory
304	396412	Case_Based
305	1107455	Neural_Networks
306	91975	Neural_Networks
307	180187	Probabilistic_Methods
308	27203	Neural_Networks
309	1152508	Neural_Networks
310	69392	Genetic_Algorithms
311	1118332	Neural_Networks
312	189577	Probabilistic_Methods
313	1114777	Neural_Networks
314	75969	Case_Based
315	1132922	Neural_Networks
316	1153254	Rule_Learning
317	1117618	Theory
318	6767	Neural_Networks
319	27241	Reinforcement_Learning
320	27246	Reinforcement_Learning
321	95589	Rule_Learning
322	6771	Theory
323	86840	Neural_Networks
324	108962	Neural_Networks
325	6786	Neural_Networks
326	108963	Case_Based
327	108974	Neural_Networks
328	1117653	Neural_Networks
329	1152569	Theory
330	1132968	Neural_Networks
331	370366	Theory
332	108983	Theory
333	399339	Neural_Networks
334	64319	Reinforcement_Learning
335	1110426	Theory
336	1102407	Theory
337	1127812	Probabilistic_Methods
338	1128542	Probabilistic_Methods
339	65057	Probabilistic_Methods
340	159084	Probabilistic_Methods
341	159085	Neural_Networks
342	65074	Neural_Networks
343	33895	Neural_Networks
344	2440	Probabilistic_Methods
345	1717	Reinforcement_Learning
346	249421	Theory
347	3187	Theory
348	591016	Neural_Networks
349	1110494	Neural_Networks
350	29492	Neural_Networks
351	400473	Probabilistic_Methods
352	644334	Probabilistic_Methods
353	949511	Probabilistic_Methods
354	205192	Probabilistic_Methods
355	763009	Rule_Learning
356	169280	Neural_Networks
357	1120643	Neural_Networks
358	645088	Probabilistic_Methods
359	5348	Rule_Learning
360	124296	Neural_Networks
361	1121398	Theory
362	950305	Neural_Networks
363	567018	Probabilistic_Methods
364	52000	Neural_Networks
365	52003	Neural_Networks
366	52007	Neural_Networks
367	58540	Neural_Networks
368	436796	Neural_Networks
369	948846	Neural_Networks
370	8213	Neural_Networks
371	671293	Neural_Networks
372	1131550	Genetic_Algorithms
373	899119	Neural_Networks
374	1105394	Neural_Networks
375	85452	Theory
376	1112686	Reinforcement_Learning
377	69418	Neural_Networks
378	8224	Neural_Networks
379	145315	Neural_Networks
380	575077	Rule_Learning
381	20850	Theory
382	44017	Probabilistic_Methods
383	1135125	Theory
384	286562	Theory
385	1123553	Rule_Learning
386	1135137	Theory
387	325314	Theory
388	662572	Theory
389	159897	Neural_Networks
390	1130856	Neural_Networks
391	96335	Probabilistic_Methods
392	755082	Neural_Networks
393	1123576	Probabilistic_Methods
394	1103979	Case_Based
395	593260	Neural_Networks
396	601567	Neural_Networks
397	1119140	Neural_Networks
398	189655	Neural_Networks
399	31769	Neural_Networks
400	1107567	Probabilistic_Methods
401	88356	Neural_Networks
402	1033	Theory
403	1034	Probabilistic_Methods
404	1106849	Neural_Networks
405	16470	Neural_Networks
406	35343	Neural_Networks
407	16471	Neural_Networks
408	1154074	Neural_Networks
409	16476	Neural_Networks
410	23774	Neural_Networks
411	16485	Neural_Networks
412	136665	Theory
413	94953	Probabilistic_Methods
414	9708	Theory
415	38205	Theory
416	645897	Probabilistic_Methods
417	216877	Probabilistic_Methods
418	18619	Theory
419	559804	Probabilistic_Methods
420	6898	Theory
421	166420	Rule_Learning
422	787016	Neural_Networks
423	73146	Rule_Learning
424	1136634	Probabilistic_Methods
425	1111230	Theory
426	3218	Neural_Networks
427	3229	Neural_Networks
428	193347	Rule_Learning
429	84020	Theory
430	3231	Theory
431	52847	Case_Based
432	193352	Rule_Learning
433	193354	Theory
434	1110531	Neural_Networks
435	686532	Theory
436	711598	Probabilistic_Methods
437	1063773	Neural_Networks
438	3243	Neural_Networks
439	78994	Theory
440	181782	Neural_Networks
441	284414	Theory
442	114189	Probabilistic_Methods
443	686559	Probabilistic_Methods
444	253971	Theory
445	1106103	Case_Based
446	1114125	Theory
447	75318	Case_Based
448	45599	Neural_Networks
449	97892	Theory
450	446271	Neural_Networks
451	1106112	Neural_Networks
452	280876	Probabilistic_Methods
453	12182	Probabilistic_Methods
454	175909	Probabilistic_Methods
455	64484	Probabilistic_Methods
456	6125	Neural_Networks
457	1120713	Theory
458	1114153	Genetic_Algorithms
459	12197	Neural_Networks
460	248823	Theory
461	919885	Case_Based
462	94229	Neural_Networks
463	1120731	Neural_Networks
464	23069	Case_Based
465	6151	Probabilistic_Methods
466	6155	Case_Based
467	23070	Case_Based
468	644448	Neural_Networks
469	1112723	Theory
470	31097	Neural_Networks
471	6169	Probabilistic_Methods
472	1106172	Neural_Networks
473	6170	Neural_Networks
474	211875	Probabilistic_Methods
475	1109017	Theory
476	5454	Probabilistic_Methods
477	6184	Probabilistic_Methods
478	10796	Theory
479	10798	Theory
480	1120777	Neural_Networks
481	86258	Probabilistic_Methods
482	154134	Neural_Networks
483	6196	Neural_Networks
484	20920	Probabilistic_Methods
485	20923	Theory
486	22386	Neural_Networks
487	1131639	Probabilistic_Methods
488	77515	Neural_Networks
489	93555	Probabilistic_Methods
490	17201	Neural_Networks
491	644494	Neural_Networks
492	17208	Case_Based
493	1125082	Theory
494	1131647	Genetic_Algorithms
495	74698	Neural_Networks
496	13652	Case_Based
497	20942	Neural_Networks
498	390894	Case_Based
499	390896	Case_Based
500	1125092	Genetic_Algorithms
501	13656	Theory
502	1116347	Neural_Networks
503	13658	Theory
504	114966	Case_Based
505	120013	Case_Based
506	1117089	Case_Based
507	57948	Case_Based
508	334153	Genetic_Algorithms
509	160732	Genetic_Algorithms
510	1154103	Genetic_Algorithms
511	12946	Genetic_Algorithms
512	1104787	Genetic_Algorithms
513	17242	Genetic_Algorithms
514	321861	Genetic_Algorithms
515	189721	Neural_Networks
516	1119211	Genetic_Algorithms
517	12960	Genetic_Algorithms
518	95718	Genetic_Algorithms
519	6910	Neural_Networks
520	180373	Genetic_Algorithms
521	6917	Genetic_Algorithms
522	358884	Neural_Networks
523	887	Probabilistic_Methods
524	180399	Genetic_Algorithms
525	358894	Neural_Networks
526	1154169	Genetic_Algorithms
527	120084	Genetic_Algorithms
528	1120019	Genetic_Algorithms
529	1152711	Genetic_Algorithms
530	1154176	Genetic_Algorithms
531	424540	Genetic_Algorithms
532	1118546	Neural_Networks
533	643003	Genetic_Algorithms
534	112099	Genetic_Algorithms
535	1104007	Genetic_Algorithms
536	1120049	Genetic_Algorithms
537	175256	Genetic_Algorithms
538	45605	Genetic_Algorithms
539	15889	Genetic_Algorithms
540	35490	Genetic_Algorithms
541	221302	Genetic_Algorithms
542	562123	Reinforcement_Learning
543	1104031	Reinforcement_Learning
544	1129442	Reinforcement_Learning
545	1129443	Reinforcement_Learning
546	1137466	Genetic_Algorithms
547	328370	Reinforcement_Learning
548	1103315	Reinforcement_Learning
549	12210	Reinforcement_Learning
550	1104055	Neural_Networks
551	64519	Reinforcement_Learning
552	114	Reinforcement_Learning
553	1109873	Reinforcement_Learning
554	128	Neural_Networks
555	12238	Reinforcement_Learning
556	1112099	Reinforcement_Learning
557	18774	Reinforcement_Learning
558	18777	Case_Based
559	130	Reinforcement_Learning
560	23116	Reinforcement_Learning
561	948299	Reinforcement_Learning
562	6209	Reinforcement_Learning
563	197054	Neural_Networks
564	6210	Neural_Networks
565	6213	Neural_Networks
566	6214	Neural_Networks
567	6216	Neural_Networks
568	6217	Theory
569	2653	Probabilistic_Methods
570	2658	Neural_Networks
571	753047	Neural_Networks
572	188318	Neural_Networks
573	74700	Neural_Networks
574	67415	Rule_Learning
575	6220	Neural_Networks
576	2665	Probabilistic_Methods
577	28957	Neural_Networks
578	143323	Neural_Networks
579	340075	Neural_Networks
580	1949	Neural_Networks
581	1953	Probabilistic_Methods
582	1955	Neural_Networks
583	1959	Neural_Networks
584	390922	Probabilistic_Methods
585	22431	Theory
586	1113541	Neural_Networks
587	1132418	Neural_Networks
588	628500	Neural_Networks
589	648106	Probabilistic_Methods
590	1104809	Probabilistic_Methods
591	4804	Probabilistic_Methods
592	648112	Neural_Networks
593	33301	Theory
594	33303	Neural_Networks
595	267824	Neural_Networks
596	1138970	Neural_Networks
597	13717	Probabilistic_Methods
598	1131719	Neural_Networks
599	1120866	Neural_Networks
600	1106287	Probabilistic_Methods
601	755217	Neural_Networks
602	647408	Case_Based
603	1116410	Neural_Networks
604	1132459	Theory
605	1105574	Neural_Networks
606	1133196	Neural_Networks
607	307336	Neural_Networks
608	906	Neural_Networks
609	1131745	Theory
610	1131748	Neural_Networks
611	910	Case_Based
612	943	Neural_Networks
613	31927	Neural_Networks
614	101261	Genetic_Algorithms
615	101263	Rule_Learning
616	31932	Rule_Learning
617	779960	Neural_Networks
618	1135358	Neural_Networks
619	1154230	Case_Based
620	1135368	Neural_Networks
621	28227	Neural_Networks
622	32688	Theory
623	189856	Neural_Networks
624	27510	Neural_Networks
625	27514	Neural_Networks
626	1154276	Neural_Networks
627	27530	Case_Based
628	1152821	Neural_Networks
629	28265	Genetic_Algorithms
630	103430	Theory
631	27543	Theory
632	39126	Neural_Networks
633	28278	Theory
634	39131	Neural_Networks
635	10169	Neural_Networks
636	28287	Neural_Networks
637	1129518	Probabilistic_Methods
638	1272	Theory
639	194223	Theory
640	10177	Neural_Networks
641	18811	Neural_Networks
642	18812	Neural_Networks
643	73327	Case_Based
644	1117942	Neural_Networks
645	15984	Neural_Networks
646	202522	Neural_Networks
647	1152858	Case_Based
648	1152859	Theory
649	10183	Probabilistic_Methods
650	81350	Theory
651	259126	Probabilistic_Methods
652	13024	Theory
653	1120170	Probabilistic_Methods
654	46452	Probabilistic_Methods
655	26850	Case_Based
656	18832	Probabilistic_Methods
657	18833	Probabilistic_Methods
658	82098	Probabilistic_Methods
659	103482	Neural_Networks
660	158614	Rule_Learning
661	46468	Genetic_Algorithms
662	71904	Neural_Networks
663	80656	Rule_Learning
664	29708	Neural_Networks
665	1128839	Neural_Networks
666	1128846	Theory
667	12330	Neural_Networks
668	240321	Neural_Networks
669	1128853	Reinforcement_Learning
670	219976	Probabilistic_Methods
671	38480	Neural_Networks
672	12350	Neural_Networks
673	1104191	Neural_Networks
674	7022	Neural_Networks
675	63931	Theory
676	68224	Case_Based
677	1110768	Theory
678	384428	Neural_Networks
679	1107041	Neural_Networks
680	1114352	Rule_Learning
681	1107062	Neural_Networks
682	288	Neural_Networks
683	1107067	Neural_Networks
684	91581	Case_Based
685	39904	Neural_Networks
686	6334	Neural_Networks
687	123825	Neural_Networks
688	23258	Neural_Networks
689	66805	Theory
690	6346	Neural_Networks
691	55968	Theory
692	368431	Theory
693	179702	Neural_Networks
694	1140547	Neural_Networks
695	1114388	Case_Based
696	90888	Neural_Networks
697	510715	Probabilistic_Methods
698	33412	Neural_Networks
699	188471	Rule_Learning
700	1152143	Neural_Networks
701	1120962	Neural_Networks
702	1125258	Neural_Networks
703	648232	Case_Based
704	143476	Probabilistic_Methods
705	1152150	Neural_Networks
706	1117249	Neural_Networks
707	25413	Neural_Networks
708	1152162	Neural_Networks
709	241821	Theory
710	350362	Neural_Networks
711	1116530	Probabilistic_Methods
712	61069	Probabilistic_Methods
713	1110000	Neural_Networks
714	646809	Theory
715	1105698	Probabilistic_Methods
716	1152194	Probabilistic_Methods
717	198653	Probabilistic_Methods
718	1116569	Theory
719	77758	Rule_Learning
720	854434	Probabilistic_Methods
721	1128151	Probabilistic_Methods
722	1123867	Probabilistic_Methods
723	191404	Case_Based
724	1116594	Case_Based
725	126793	Probabilistic_Methods
726	43639	Case_Based
727	44368	Theory
728	97390	Theory
729	87915	Theory
730	131117	Probabilistic_Methods
731	8581	Neural_Networks
732	27606	Neural_Networks
733	1115886	Probabilistic_Methods
734	184157	Theory
735	8594	Case_Based
736	1152904	Neural_Networks
737	1120211	Theory
738	28350	Theory
739	1152910	Probabilistic_Methods
740	27627	Theory
741	649731	Theory
742	308920	Theory
743	289780	Neural_Networks
744	289781	Theory
745	19621	Theory
746	1129608	Case_Based
747	1365	Case_Based
748	103543	Probabilistic_Methods
749	28387	Neural_Networks
750	28389	Case_Based
751	43698	Case_Based
752	54550	Case_Based
753	1129621	Case_Based
754	46536	Case_Based
755	1129629	Probabilistic_Methods
756	294126	Theory
757	568857	Case_Based
758	447224	Case_Based
759	38537	Case_Based
760	1152975	Probabilistic_Methods
761	34979	Rule_Learning
762	1104261	Neural_Networks
763	139865	Probabilistic_Methods
764	56709	Probabilistic_Methods
765	1128945	Case_Based
766	19697	Reinforcement_Learning
767	107177	Probabilistic_Methods
768	1131165	Genetic_Algorithms
769	1128959	Rule_Learning
770	152219	Genetic_Algorithms
771	184918	Genetic_Algorithms
772	16008	Genetic_Algorithms
773	1122425	Genetic_Algorithms
774	928873	Case_Based
775	206259	Genetic_Algorithms
776	714748	Genetic_Algorithms
777	1131189	Genetic_Algorithms
778	217115	Genetic_Algorithms
779	560936	Genetic_Algorithms
780	1131198	Genetic_Algorithms
781	1128985	Genetic_Algorithms
782	466170	Genetic_Algorithms
783	429805	Genetic_Algorithms
784	561674	Genetic_Algorithms
785	654177	Case_Based
786	95225	Rule_Learning
787	37884	Reinforcement_Learning
788	37888	Genetic_Algorithms
789	1128997	Genetic_Algorithms
790	545647	Genetic_Algorithms
791	42207	Genetic_Algorithms
792	42209	Genetic_Algorithms
793	82920	Genetic_Algorithms
794	128202	Genetic_Algorithms
795	128203	Genetic_Algorithms
796	1134056	Genetic_Algorithms
797	1102873	Theory
798	42221	Genetic_Algorithms
799	1107171	Genetic_Algorithms
800	1133338	Genetic_Algorithms
801	67633	Genetic_Algorithms
802	375825	Genetic_Algorithms
803	48781	Genetic_Algorithms
804	75674	Genetic_Algorithms
805	289088	Genetic_Algorithms
806	1152244	Genetic_Algorithms
807	13917	Genetic_Algorithms
808	75695	Genetic_Algorithms
809	34257	Genetic_Algorithms
810	1117348	Genetic_Algorithms
811	574710	Genetic_Algorithms
812	34263	Genetic_Algorithms
813	1128204	Neural_Networks
814	34266	Reinforcement_Learning
815	1128208	Neural_Networks
816	1116629	Case_Based
817	110162	Genetic_Algorithms
818	110163	Reinforcement_Learning
819	110164	Reinforcement_Learning
820	628751	Reinforcement_Learning
821	708945	Genetic_Algorithms
822	1123926	Reinforcement_Learning
823	1152277	Theory
824	77826	Reinforcement_Learning
825	77829	Neural_Networks
826	8617	Reinforcement_Learning
827	242663	Neural_Networks
828	8619	Reinforcement_Learning
829	628764	Probabilistic_Methods
830	628766	Reinforcement_Learning
831	1125393	Reinforcement_Learning
832	66986	Reinforcement_Learning
833	646913	Reinforcement_Learning
834	578309	Reinforcement_Learning
835	18251	Neural_Networks
836	1152290	Probabilistic_Methods
837	954315	Reinforcement_Learning
838	212107	Neural_Networks
839	578337	Neural_Networks
840	907845	Neural_Networks
841	1127530	Neural_Networks
842	1128267	Neural_Networks
843	28412	Neural_Networks
844	594387	Case_Based
845	1127541	Neural_Networks
846	44455	Genetic_Algorithms
847	45188	Neural_Networks
848	45189	Genetic_Algorithms
849	62607	Neural_Networks
850	1127551	Neural_Networks
851	1123991	Neural_Networks
852	1127558	Neural_Networks
853	105057	Neural_Networks
854	1128291	Neural_Networks
855	1127566	Neural_Networks
856	1154459	Neural_Networks
857	218682	Case_Based
858	28447	Probabilistic_Methods
859	1153736	Neural_Networks
860	62634	Neural_Networks
861	211432	Neural_Networks
862	112378	Neural_Networks
863	1113035	Neural_Networks
864	1118848	Probabilistic_Methods
865	137790	Neural_Networks
866	217984	Neural_Networks
867	949217	Neural_Networks
868	28473	Neural_Networks
869	1104300	Neural_Networks
870	1105033	Case_Based
871	11093	Neural_Networks
872	696342	Neural_Networks
873	696343	Neural_Networks
874	696346	Neural_Networks
875	28487	Neural_Networks
876	5038	Neural_Networks
877	195150	Neural_Networks
878	62676	Theory
879	13213	Neural_Networks
880	576973	Neural_Networks
881	35797	Case_Based
882	134128	Theory
883	166825	Probabilistic_Methods
884	175576	Theory
885	509379	Probabilistic_Methods
886	1113084	Theory
887	53942	Theory
888	642621	Case_Based
889	1131236	Probabilistic_Methods
890	1112369	Neural_Networks
891	446610	Genetic_Algorithms
892	644093	Neural_Networks
893	411092	Neural_Networks
894	642641	Probabilistic_Methods
895	408885	Neural_Networks
896	1131258	Neural_Networks
897	1131267	Neural_Networks
898	13269	Neural_Networks
899	1104379	Theory
900	1114502	Neural_Networks
901	1107215	Neural_Networks
902	83725	Case_Based
903	84459	Theory
904	642681	Theory
905	445938	Neural_Networks
906	1103676	Theory
907	1130568	Probabilistic_Methods
908	1153003	Probabilistic_Methods
909	51045	Neural_Networks
910	12576	Neural_Networks
911	144330	Neural_Networks
912	105865	Probabilistic_Methods
913	51052	Probabilistic_Methods
914	746058	Probabilistic_Methods
915	1153014	Probabilistic_Methods
916	641976	Probabilistic_Methods
917	561789	Genetic_Algorithms
918	1130586	Case_Based
919	368605	Theory
920	1133428	Probabilistic_Methods
921	1113828	Neural_Networks
922	129042	Neural_Networks
923	129045	Neural_Networks
924	6539	Neural_Networks
925	1153031	Probabilistic_Methods
926	1122580	Theory
927	1132706	Neural_Networks
928	1152308	Case_Based
929	105899	Neural_Networks
930	50354	Neural_Networks
931	1121867	Neural_Networks
932	1113852	Probabilistic_Methods
933	1153056	Neural_Networks
934	94641	Neural_Networks
935	1153065	Probabilistic_Methods
936	1133469	Neural_Networks
937	35070	Genetic_Algorithms
938	576257	Case_Based
939	368657	Theory
940	1129018	Neural_Networks
941	263069	Case_Based
942	1129027	Case_Based
943	1152358	Case_Based
944	1125467	Probabilistic_Methods
945	1125469	Neural_Networks
946	72101	Neural_Networks
947	40922	Theory
948	1153097	Rule_Learning
949	1109439	Neural_Networks
950	423463	Probabilistic_Methods
951	128383	Probabilistic_Methods
952	683360	Neural_Networks
953	1129040	Case_Based
954	52515	Neural_Networks
955	41666	Neural_Networks
956	1128319	Probabilistic_Methods
957	1152379	Case_Based
958	1136342	Probabilistic_Methods
959	1125492	Neural_Networks
960	1108728	Theory
961	265203	Theory
962	628888	Neural_Networks
963	1127619	Theory
964	56112	Neural_Networks
965	56115	Probabilistic_Methods
966	56119	Probabilistic_Methods
967	89547	Probabilistic_Methods
968	51831	Neural_Networks
969	91038	Probabilistic_Methods
970	96847	Case_Based
971	521855	Neural_Networks
972	594483	Probabilistic_Methods
973	1119623	Neural_Networks
974	96851	Case_Based
975	1136397	Case_Based
976	158172	Theory
977	1127657	Neural_Networks
978	131315	Case_Based
979	131318	Probabilistic_Methods
980	289945	Neural_Networks
981	62718	Theory
982	229635	Case_Based
983	56167	Case_Based
984	1119654	Probabilistic_Methods
985	51879	Neural_Networks
986	10435	Probabilistic_Methods
987	137873	Genetic_Algorithms
988	168332	Probabilistic_Methods
989	330208	Probabilistic_Methods
990	689152	Theory
991	1120444	Case_Based
992	1153877	Case_Based
993	111770	Reinforcement_Learning
994	1153879	Theory
995	108047	Neural_Networks
996	1131300	Theory
997	362926	Rule_Learning
998	129896	Theory
999	129897	Rule_Learning
1000	59045	Rule_Learning
1001	1153889	Probabilistic_Methods
1002	239810	Probabilistic_Methods
1003	20601	Case_Based
1004	20602	Theory
1005	416964	Theory
1006	38722	Theory
1007	72908	Theory
1008	116081	Theory
1009	1153897	Neural_Networks
1010	116084	Neural_Networks
1011	116087	Theory
1012	1113182	Case_Based
1013	1131330	Theory
1014	582139	Case_Based
1015	561809	Case_Based
1016	14062	Neural_Networks
1017	1104449	Genetic_Algorithms
1018	39474	Neural_Networks
1019	27895	Theory
1020	167670	Theory
1021	1131345	Neural_Networks
1022	1131348	Probabilistic_Methods
1023	14083	Genetic_Algorithms
1024	1103737	Neural_Networks
1025	65650	Probabilistic_Methods
1026	93273	Probabilistic_Methods
1027	65653	Neural_Networks
1028	5194	Rule_Learning
1029	14090	Neural_Networks
1030	1131360	Case_Based
1031	1130634	Reinforcement_Learning
1032	976284	Case_Based
1033	1130637	Probabilistic_Methods
1034	593022	Case_Based
1035	1131374	Case_Based
1036	975567	Genetic_Algorithms
1037	133550	Probabilistic_Methods
1038	145134	Genetic_Algorithms
1039	1130653	Genetic_Algorithms
1040	1130657	Genetic_Algorithms
1041	1104495	Genetic_Algorithms
1042	133566	Genetic_Algorithms
1043	133567	Case_Based
1044	1122642	Genetic_Algorithms
1045	1114629	Genetic_Algorithms
1046	91852	Genetic_Algorithms
1047	91853	Genetic_Algorithms
1048	376704	Neural_Networks
1049	1153101	Neural_Networks
1050	32276	Rule_Learning
1051	1130678	Genetic_Algorithms
1052	83847	Genetic_Algorithms
1053	8079	Case_Based
1054	593068	Genetic_Algorithms
1055	285675	Genetic_Algorithms
1056	1130680	Rule_Learning
1057	1106630	Genetic_Algorithms
1058	278394	Rule_Learning
1059	285687	Theory
1060	69284	Genetic_Algorithms
1061	6639	Genetic_Algorithms
1062	14807	Genetic_Algorithms
1063	152483	Genetic_Algorithms
1064	683404	Theory
1065	593091	Genetic_Algorithms
1066	1117501	Genetic_Algorithms
1067	99023	Genetic_Algorithms
1068	99025	Neural_Networks
1069	513189	Genetic_Algorithms
1070	1152421	Genetic_Algorithms
1071	1153150	Genetic_Algorithms
1072	99030	Genetic_Algorithms
1073	1105932	Genetic_Algorithms
1074	1153160	Genetic_Algorithms
1075	1106671	Genetic_Algorithms
1076	531348	Genetic_Algorithms
1077	577086	Genetic_Algorithms
1078	531351	Neural_Networks
1079	25702	Genetic_Algorithms
1080	87482	Genetic_Algorithms
1081	135765	Genetic_Algorithms
1082	135766	Neural_Networks
1083	1132864	Genetic_Algorithms
1084	22886	Reinforcement_Learning
1085	1118286	Reinforcement_Learning
1086	162664	Reinforcement_Learning
1087	1109542	Reinforcement_Learning
1088	1116835	Theory
1089	1116839	Reinforcement_Learning
1090	1103016	Reinforcement_Learning
1091	1128425	Reinforcement_Learning
1092	1116842	Genetic_Algorithms
1093	1136446	Reinforcement_Learning
1094	1136447	Neural_Networks
1095	27199	Reinforcement_Learning
1096	1125597	Reinforcement_Learning
1097	1132887	Reinforcement_Learning
1098	593813	Reinforcement_Learning
1099	594543	Probabilistic_Methods
1100	917493	Probabilistic_Methods
1101	1128430	Neural_Networks
1102	51909	Reinforcement_Learning
1103	1108834	Neural_Networks
1104	1128437	Reinforcement_Learning
1105	989397	Reinforcement_Learning
1106	97645	Neural_Networks
1107	8832	Neural_Networks
1108	1103031	Neural_Networks
1109	346243	Neural_Networks
1110	1119708	Neural_Networks
1111	36620	Neural_Networks
1112	25772	Neural_Networks
1113	640617	Neural_Networks
1114	8865	Neural_Networks
1115	950986	Neural_Networks
1116	35905	Neural_Networks
1117	8875	Neural_Networks
1118	25791	Neural_Networks
1119	100961	Neural_Networks
1120	738941	Neural_Networks
1121	64271	Neural_Networks
1122	3084	Neural_Networks
1123	3085	Neural_Networks
1124	28649	Neural_Networks
1125	3095	Genetic_Algorithms
1126	3097	Probabilistic_Methods
1127	1153943	Neural_Networks
1128	1121254	Neural_Networks
1129	74427	Neural_Networks
1130	231249	Rule_Learning
1131	1105221	Neural_Networks
1132	28674	Neural_Networks
1133	1129907	Neural_Networks
1134	650807	Probabilistic_Methods
1135	348437	Neural_Networks
1136	1688	Neural_Networks
1137	33013	Neural_Networks
1138	38829	Neural_Networks
1139	307015	Theory
1140	127033	Neural_Networks
1141	310742	Neural_Networks
1142	1694	Theory
1143	650834	Probabilistic_Methods
1144	1131420	Neural_Networks
1145	193918	Neural_Networks
1146	85324	Case_Based
1147	642827	Theory
1148	38845	Probabilistic_Methods
1149	193931	Case_Based
1150	193932	Theory
1151	4553	Neural_Networks
1152	1116146	Probabilistic_Methods
1153	85352	Theory
1154	261040	Neural_Networks
1155	145215	Neural_Networks
1156	646412	Case_Based
1157	1131464	Case_Based
1158	1131466	Case_Based
1159	574264	Theory
1160	458439	Case_Based
1161	57764	Case_Based
1162	646440	Neural_Networks
1163	1111899	Neural_Networks
1164	521252	Neural_Networks
1165	1115471	Probabilistic_Methods
1166	1123493	Theory
1167	601462	Case_Based
1168	421481	Probabilistic_Methods
1169	385572	Neural_Networks
1170	30934	Neural_Networks
1171	84695	Neural_Networks
1172	189566	Probabilistic_Methods
1173	69397	Case_Based
1174	6741	Neural_Networks
1175	177998	Neural_Networks
1176	395725	Case_Based
1177	61417	Case_Based
1178	54129	Neural_Networks
1179	1118347	Probabilistic_Methods
1180	1106764	Reinforcement_Learning
1181	102406	Probabilistic_Methods
1182	75972	Genetic_Algorithms
1183	95579	Theory
1184	54132	Probabilistic_Methods
1185	27243	Case_Based
1186	1153262	Theory
1187	1153264	Genetic_Algorithms
1188	30973	Probabilistic_Methods
1189	1129208	Neural_Networks
1190	1106771	Neural_Networks
1191	27249	Neural_Networks
1192	95586	Probabilistic_Methods
1193	95588	Theory
1194	255233	Theory
1195	6775	Neural_Networks
1196	129287	Neural_Networks
1197	27250	Theory
1198	19231	Theory
1199	1153275	Theory
1200	1132948	Genetic_Algorithms
1201	1106789	Neural_Networks
1202	95597	Probabilistic_Methods
1203	6784	Theory
1204	682815	Theory
1205	1153280	Case_Based
1206	148170	Neural_Networks
1207	263279	Neural_Networks
1208	1116922	Probabilistic_Methods
1209	1152564	Theory
1210	1118388	Probabilistic_Methods
1211	851968	Neural_Networks
1212	3101	Neural_Networks
1213	1129243	Neural_Networks
1214	170798	Rule_Learning
1215	3112	Case_Based
1216	503877	Case_Based
1217	17821	Neural_Networks
1218	503883	Case_Based
1219	561238	Case_Based
1220	1110438	Case_Based
1221	575795	Probabilistic_Methods
1222	1116974	Neural_Networks
1223	272720	Probabilistic_Methods
1224	415693	Theory
1225	18582	Theory
1226	11325	Neural_Networks
1227	11326	Case_Based
1228	1103162	Theory
1229	1111186	Theory
1230	578645	Theory
1231	578646	Neural_Networks
1232	578649	Theory
1233	1121313	Neural_Networks
1234	11335	Probabilistic_Methods
1235	1102442	Probabilistic_Methods
1236	11339	Neural_Networks
1237	52784	Neural_Networks
1238	11342	Rule_Learning
1239	1130080	Neural_Networks
1240	3191	Neural_Networks
1241	3192	Theory
1242	400455	Case_Based
1243	1135899	Neural_Networks
1244	591017	Neural_Networks
1245	751408	Neural_Networks
1246	1140230	Neural_Networks
1247	1140231	Probabilistic_Methods
1248	1106052	Neural_Networks
1249	70970	Neural_Networks
1250	67245	Rule_Learning
1251	67246	Neural_Networks
1252	205196	Neural_Networks
1253	135130	Theory
1254	123556	Neural_Networks
1255	645084	Neural_Networks
1256	1786	Theory
1257	66556	Probabilistic_Methods
1258	1130808	Theory
1259	4649	Theory
1260	582343	Neural_Networks
1261	395075	Neural_Networks
1262	582349	Theory
1263	20833	Rule_Learning
1264	1131549	Neural_Networks
1265	58552	Case_Based
1266	85449	Neural_Networks
1267	49811	Neural_Networks
1268	77438	Neural_Networks
1269	4660	Neural_Networks
1270	66594	Neural_Networks
1271	66596	Neural_Networks
1272	314459	Neural_Networks
1273	1116268	Probabilistic_Methods
1274	1103960	Neural_Networks
1275	49843	Neural_Networks
1276	1103969	Probabilistic_Methods
1277	593240	Rule_Learning
1278	207395	Theory
1279	593248	Case_Based
1280	943087	Theory
1281	7532	Genetic_Algorithms
1282	7537	Probabilistic_Methods
1283	25181	Genetic_Algorithms
1284	25184	Neural_Networks
1285	16437	Neural_Networks
1286	1103985	Genetic_Algorithms
1287	6814	Probabilistic_Methods
1288	6818	Genetic_Algorithms
1289	1154042	Probabilistic_Methods
1290	23738	Probabilistic_Methods
1291	1107558	Genetic_Algorithms
1292	137359	Genetic_Algorithms
1293	16451	Genetic_Algorithms
1294	318071	Genetic_Algorithms
1295	232860	Case_Based
1296	1107572	Probabilistic_Methods
1297	49895	Theory
1298	16474	Probabilistic_Methods
1299	1154076	Case_Based
1300	626999	Case_Based
1301	137380	Probabilistic_Methods
1302	1119178	Case_Based
1303	33904	Theory
1304	1119180	Genetic_Algorithms
1305	33907	Genetic_Algorithms
1306	174418	Genetic_Algorithms
1307	70281	Case_Based
1308	73119	Probabilistic_Methods
1309	9716	Genetic_Algorithms
1310	174425	Rule_Learning
1311	416455	Theory
1312	18615	Neural_Networks
1313	127940	Probabilistic_Methods
1314	1152663	Probabilistic_Methods
1315	675649	Genetic_Algorithms
1316	1117760	Genetic_Algorithms
1317	1138091	Neural_Networks
1318	1152673	Genetic_Algorithms
1319	321004	Genetic_Algorithms
1320	139547	Probabilistic_Methods
1321	45533	Neural_Networks
1322	3217	Genetic_Algorithms
1323	1111240	Probabilistic_Methods
1324	523574	Neural_Networks
1325	1110515	Genetic_Algorithms
1326	73162	Genetic_Algorithms
1327	52835	Genetic_Algorithms
1328	3220	Genetic_Algorithms
1329	3223	Probabilistic_Methods
1330	1129367	Case_Based
1331	1129368	Probabilistic_Methods
1332	1129369	Genetic_Algorithms
1333	84021	Neural_Networks
1334	1127913	Neural_Networks
1335	3233	Theory
1336	3235	Genetic_Algorithms
1337	3236	Rule_Learning
1338	562067	Neural_Networks
1339	3240	Genetic_Algorithms
1340	92065	Case_Based
1341	213246	Genetic_Algorithms
1342	911198	Genetic_Algorithms
1343	12158	Genetic_Algorithms
1344	20178	Genetic_Algorithms
1345	20179	Genetic_Algorithms
1346	80491	Genetic_Algorithms
1347	561364	Genetic_Algorithms
1348	20180	Genetic_Algorithms
1349	245955	Genetic_Algorithms
1350	1102548	Genetic_Algorithms
1351	1817	Genetic_Algorithms
1352	31043	Genetic_Algorithms
1353	1102550	Genetic_Algorithms
1354	20193	Genetic_Algorithms
1355	1110579	Reinforcement_Learning
1356	213279	Reinforcement_Learning
1357	1133010	Neural_Networks
1358	157761	Neural_Networks
1359	31055	Reinforcement_Learning
1360	12194	Reinforcement_Learning
1361	1133028	Reinforcement_Learning
1362	578780	Reinforcement_Learning
1363	12198	Probabilistic_Methods
1364	12199	Reinforcement_Learning
1365	90655	Reinforcement_Learning
1366	6130	Reinforcement_Learning
1367	337766	Reinforcement_Learning
1368	112787	Reinforcement_Learning
1369	1133047	Neural_Networks
1370	1105428	Reinforcement_Learning
1371	785678	Genetic_Algorithms
1372	644441	Neural_Networks
1373	672064	Neural_Networks
1374	41216	Neural_Networks
1375	1105433	Neural_Networks
1376	1113459	Theory
1377	55770	Neural_Networks
1378	6163	Neural_Networks
1379	259701	Neural_Networks
1380	259702	Neural_Networks
1381	1131607	Theory
1382	430329	Theory
1383	643734	Neural_Networks
1384	643735	Reinforcement_Learning
1385	656048	Neural_Networks
1386	1131611	Genetic_Algorithms
1387	617575	Neural_Networks
1388	1105450	Neural_Networks
1389	15076	Neural_Networks
1390	10793	Theory
1391	1117049	Neural_Networks
1392	647315	Theory
1393	33231	Theory
1394	1116328	Theory
1395	1104749	Theory
1396	594025	Neural_Networks
1397	315266	Theory
1398	643777	Neural_Networks
1399	1130927	Theory
1400	1132385	Neural_Networks
1401	1108329	Neural_Networks
1402	1130929	Neural_Networks
1403	1104769	Neural_Networks
1404	594047	Theory
1405	1130931	Neural_Networks
1406	1130934	Theory
1407	141868	Theory
1408	593329	Probabilistic_Methods
1409	144701	Theory
1410	574462	Neural_Networks
1411	60170	Neural_Networks
1412	120039	Case_Based
1413	502574	Case_Based
1414	293974	Reinforcement_Learning
1415	1119216	Neural_Networks
1416	1108363	Reinforcement_Learning
1417	191216	Case_Based
1418	469504	Neural_Networks
1419	358866	Neural_Networks
1420	1116397	Neural_Networks
1421	191222	Case_Based
1422	36145	Theory
1423	1115677	Neural_Networks
1424	577331	Theory
1425	31863	Neural_Networks
1426	566488	Theory
1427	358887	Theory
1428	6935	Neural_Networks
1429	6939	Neural_Networks
1430	197783	Neural_Networks
1431	34708	Case_Based
1432	1107674	Probabilistic_Methods
1433	248119	Neural_Networks
1434	318187	Probabilistic_Methods
1435	1152714	Reinforcement_Learning
1436	1154173	Neural_Networks
1437	300071	Probabilistic_Methods
1438	1120020	Case_Based
1439	423816	Case_Based
1440	1106966	Neural_Networks
1441	148341	Neural_Networks
1442	136766	Case_Based
1443	325497	Neural_Networks
1444	136767	Neural_Networks
1445	136768	Neural_Networks
1446	409255	Case_Based
1447	1152740	Probabilistic_Methods
1448	1117833	Neural_Networks
1449	309476	Neural_Networks
1450	1120059	Theory
1451	80515	Neural_Networks
1452	65212	Neural_Networks
1453	15892	Neural_Networks
1454	1120084	Theory
1455	576691	Case_Based
1456	148399	Neural_Networks
1457	175291	Case_Based
1458	1112071	Probabilistic_Methods
1459	117	Neural_Networks
1460	157805	Neural_Networks
1461	300806	Neural_Networks
1462	31105	Case_Based
1463	154982	Neural_Networks
1464	141160	Theory
1465	112813	Neural_Networks
1466	98693	Case_Based
1467	98698	Theory
1468	192734	Neural_Networks
1469	12247	Neural_Networks
1470	1109891	Neural_Networks
1471	141171	Neural_Networks
1472	312409	Case_Based
1473	608190	Theory
1474	608191	Theory
1475	55801	Neural_Networks
1476	1136791	Neural_Networks
1477	815073	Neural_Networks
1478	1114222	Case_Based
1479	173884	Neural_Networks
1480	1102646	Probabilistic_Methods
1481	63832	Probabilistic_Methods
1482	211906	Neural_Networks
1483	83449	Theory
1484	2654	Case_Based
1485	815096	Theory
1486	277263	Neural_Networks
1487	1105505	Probabilistic_Methods
1488	48550	Case_Based
1489	83461	Neural_Networks
1490	48555	Rule_Learning
1491	6238	Neural_Networks
1492	636500	Reinforcement_Learning
1493	340078	Neural_Networks
1494	1113534	Neural_Networks
1495	578898	Neural_Networks
1496	1951	Case_Based
1497	1952	Case_Based
1498	1956	Case_Based
1499	636511	Neural_Networks
1500	463825	Theory
1501	1121569	Neural_Networks
1502	1105531	Probabilistic_Methods
1503	14428	Probabilistic_Methods
1504	14429	Neural_Networks
1505	74749	Probabilistic_Methods
1506	14430	Rule_Learning
1507	14431	Neural_Networks
1508	1132434	Neural_Networks
1509	648121	Neural_Networks
1510	582511	Theory
1511	688849	Neural_Networks
1512	1997	Theory
1513	1131728	Theory
1514	1106298	Theory
1515	86359	Neural_Networks
1516	647413	Case_Based
1517	1120880	Neural_Networks
1518	1131734	Neural_Networks
1519	562940	Probabilistic_Methods
1520	230879	Neural_Networks
1521	1104851	Probabilistic_Methods
1522	1152075	Theory
1523	58758	Theory
1524	230884	Genetic_Algorithms
1525	34082	Case_Based
1526	1132486	Case_Based
1527	39890	Case_Based
1528	66782	Neural_Networks
1529	218410	Neural_Networks
1530	647447	Neural_Networks
1531	1117184	Case_Based
1532	66794	Probabilistic_Methods
1533	227178	Genetic_Algorithms
1534	936	Probabilistic_Methods
1535	940	Neural_Networks
1536	575292	Case_Based
1537	941	Probabilistic_Methods
1538	1109185	Neural_Networks
1539	85688	Case_Based
1540	28202	Genetic_Algorithms
1541	50807	Case_Based
1542	379288	Probabilistic_Methods
1543	1154229	Case_Based
1544	1109199	Genetic_Algorithms
1545	118682	Neural_Networks
1546	153598	Neural_Networks
1547	1154251	Genetic_Algorithms
1548	62417	Neural_Networks
1549	1125909	Genetic_Algorithms
1550	79809	Genetic_Algorithms
1551	739280	Theory
1552	70441	Genetic_Algorithms
1553	70442	Genetic_Algorithms
1554	70444	Genetic_Algorithms
1555	79817	Genetic_Algorithms
1556	129558	Rule_Learning
1557	892139	Neural_Networks
1558	576725	Probabilistic_Methods
1559	28254	Probabilistic_Methods
1560	1246	Genetic_Algorithms
1561	237376	Theory
1562	27531	Neural_Networks
1563	397488	Genetic_Algorithms
1564	42847	Neural_Networks
1565	42848	Neural_Networks
1566	155736	Probabilistic_Methods
1567	155738	Genetic_Algorithms
1568	39124	Rule_Learning
1569	39127	Genetic_Algorithms
1570	39130	Probabilistic_Methods
1571	1153577	Genetic_Algorithms
1572	335733	Neural_Networks
1573	28290	Probabilistic_Methods
1574	18815	Genetic_Algorithms
1575	1136814	Probabilistic_Methods
1576	1120169	Probabilistic_Methods
1577	82087	Probabilistic_Methods
1578	178209	Rule_Learning
1579	139738	Theory
1580	82090	Probabilistic_Methods
1581	18834	Theory
1582	39165	Genetic_Algorithms
1583	190698	Genetic_Algorithms
1584	1125992	Neural_Networks
1585	1109957	Probabilistic_Methods
1586	46470	Genetic_Algorithms
1587	46476	Genetic_Algorithms
1588	1129570	Rule_Learning
1589	1071981	Probabilistic_Methods
1590	1129573	Probabilistic_Methods
1591	39199	Genetic_Algorithms
1592	12337	Genetic_Algorithms
1593	29723	Probabilistic_Methods
1594	694759	Genetic_Algorithms
1595	46491	Genetic_Algorithms
1596	1128856	Genetic_Algorithms
1597	1107010	Probabilistic_Methods
1598	643199	Neural_Networks
1599	1104182	Probabilistic_Methods
1600	12347	Case_Based
1601	63915	Genetic_Algorithms
1602	519353	Rule_Learning
1603	608292	Genetic_Algorithms
1604	1121603	Neural_Networks
1605	1130356	Genetic_Algorithms
1606	12359	Genetic_Algorithms
1607	192850	Genetic_Algorithms
1608	7032	Genetic_Algorithms
1609	1128881	Probabilistic_Methods
1610	140569	Probabilistic_Methods
1611	1114331	Rule_Learning
1612	7041	Probabilistic_Methods
1613	561581	Genetic_Algorithms
1614	561582	Genetic_Algorithms
1615	192870	Probabilistic_Methods
1616	1113614	Probabilistic_Methods
1617	1102761	Genetic_Algorithms
1618	116528	Genetic_Algorithms
1619	561595	Genetic_Algorithms
1620	94416	Probabilistic_Methods
1621	5600	Probabilistic_Methods
1622	1000012	Theory
1623	1114364	Genetic_Algorithms
1624	1121659	Genetic_Algorithms
1625	66809	Probabilistic_Methods
1626	6343	Reinforcement_Learning
1627	212777	Reinforcement_Learning
1628	583318	Neural_Networks
1629	709518	Neural_Networks
1630	350319	Neural_Networks
1631	116553	Reinforcement_Learning
1632	170338	Genetic_Algorithms
1633	179706	Theory
1634	1112929	Neural_Networks
1635	656231	Neural_Networks
1636	14531	Theory
1637	1106370	Reinforcement_Learning
1638	1109208	Theory
1639	1114398	Neural_Networks
1640	95188	Reinforcement_Learning
1641	510718	Theory
1642	208345	Neural_Networks
1643	6378	Theory
1644	22563	Theory
1645	10981	Case_Based
1646	110041	Case_Based
1647	14549	Theory
1648	95198	Reinforcement_Learning
1649	6385	Case_Based
1650	575331	Reinforcement_Learning
1651	568045	Theory
1652	1136110	Case_Based
1653	1131828	Theory
1654	67584	Probabilistic_Methods
1655	243274	Theory
1656	135464	Neural_Networks
1657	1105672	Neural_Networks
1658	93755	Neural_Networks
1659	756061	Reinforcement_Learning
1660	522338	Neural_Networks
1661	219239	Theory
1662	61073	Neural_Networks
1663	262178	Neural_Networks
1664	686015	Neural_Networks
1665	1110024	Neural_Networks
1666	613409	Case_Based
1667	686030	Theory
1668	227286	Case_Based
1669	45061	Neural_Networks
1670	646836	Reinforcement_Learning
1671	1108551	Theory
1672	13885	Neural_Networks
1673	1104999	Neural_Networks
1674	566653	Reinforcement_Learning
1675	1127430	Neural_Networks
1676	299197	Neural_Networks
1677	1135455	Case_Based
1678	97377	Neural_Networks
1679	592826	Neural_Networks
1680	566664	Neural_Networks
1681	633030	Case_Based
1682	633031	Neural_Networks
1683	686061	Theory
1684	592830	Theory
1685	573964	Neural_Networks
1686	1155073	Case_Based
1687	17476	Case_Based
1688	17477	Neural_Networks
1689	190706	Case_Based
1690	28336	Neural_Networks
1691	573978	Neural_Networks
1692	1107861	Neural_Networks
1693	17488	Neural_Networks
1694	1128198	Neural_Networks
1695	1108597	Theory
1696	103515	Neural_Networks
1697	27623	Case_Based
1698	200480	Neural_Networks
1699	103529	Neural_Networks
1700	649730	Theory
1701	39210	Theory
1702	46501	Neural_Networks
1703	27632	Case_Based
1704	649739	Neural_Networks
1705	1119471	Neural_Networks
1706	103531	Theory
1707	470511	Neural_Networks
1708	509233	Neural_Networks
1709	236759	Theory
1710	237489	Genetic_Algorithms
1711	1152944	Neural_Networks
1712	1118764	Case_Based
1713	643221	Neural_Networks
1714	212097	Neural_Networks
1715	608326	Neural_Networks
1716	643239	Theory
1717	1131116	Neural_Networks
1718	202639	Theory
1719	141324	Genetic_Algorithms
1720	294145	Case_Based
1721	1128927	Theory
1722	561610	Neural_Networks
1723	561611	Neural_Networks
1724	147870	Theory
1725	248395	Neural_Networks
1726	1128935	Rule_Learning
1727	241133	Neural_Networks
1728	141342	Neural_Networks
1729	141347	Neural_Networks
1730	1128946	Neural_Networks
1731	1131164	Reinforcement_Learning
1732	12439	Neural_Networks
1733	1131167	Case_Based
1734	1129683	Genetic_Algorithms
1735	359067	Probabilistic_Methods
1736	117315	Neural_Networks
1737	117316	Genetic_Algorithms
1738	144212	Neural_Networks
1739	1106401	Genetic_Algorithms
1740	1134022	Neural_Networks
1741	13193	Probabilistic_Methods
1742	1131192	Theory
1743	1107136	Probabilistic_Methods
1744	1131195	Rule_Learning
1745	1128982	Neural_Networks
1746	121792	Case_Based
1747	653441	Neural_Networks
1748	385251	Neural_Networks
1749	1126011	Genetic_Algorithms
1750	1134031	Probabilistic_Methods
1751	642593	Probabilistic_Methods
1752	1115166	Neural_Networks
1753	737204	Probabilistic_Methods
1754	118079	Neural_Networks
1755	1122460	Neural_Networks
1756	1114442	Probabilistic_Methods
1757	589923	Neural_Networks
1758	1121739	Neural_Networks
1759	626574	Genetic_Algorithms
1760	1126037	Neural_Networks
1761	645452	Genetic_Algorithms
1762	753264	Neural_Networks
1763	1126044	Neural_Networks
1764	74920	Neural_Networks
1765	74921	Genetic_Algorithms
1766	1105718	Neural_Networks
1767	48764	Probabilistic_Methods
1768	48768	Neural_Networks
1769	1113742	Rule_Learning
1770	74937	Probabilistic_Methods
1771	575402	Genetic_Algorithms
1772	168958	Genetic_Algorithms
1773	78508	Theory
1774	289085	Neural_Networks
1775	78511	Genetic_Algorithms
1776	308232	Neural_Networks
1777	682508	Genetic_Algorithms
1778	75691	Neural_Networks
1779	75693	Neural_Networks
1780	75694	Neural_Networks
1781	155158	Neural_Networks
1782	1105764	Genetic_Algorithms
1783	1152259	Genetic_Algorithms
1784	579008	Neural_Networks
1785	1128201	Genetic_Algorithms
1786	1133390	Probabilistic_Methods
1787	1118083	Neural_Networks
1788	78549	Probabilistic_Methods
1789	604073	Neural_Networks
1790	595056	Case_Based
1791	1118092	Neural_Networks
1792	1125386	Neural_Networks
1793	78552	Genetic_Algorithms
1794	78555	Theory
1795	78557	Theory
1796	646900	Neural_Networks
1797	595063	Neural_Networks
1798	648369	Neural_Networks
1799	1128227	Neural_Networks
1800	89416	Neural_Networks
1801	578306	Neural_Networks
1802	683294	Neural_Networks
1803	440815	Neural_Networks
1804	126867	Rule_Learning
1805	126868	Neural_Networks
1806	72056	Neural_Networks
1807	1119505	Probabilistic_Methods
1808	1128256	Theory
1809	1108656	Theory
1810	71336	Neural_Networks
1811	1109392	Genetic_Algorithms
1812	40886	Genetic_Algorithms
1813	1115959	Probabilistic_Methods
1814	578347	Neural_Networks
1815	284023	Genetic_Algorithms
1816	345340	Genetic_Algorithms
1817	621555	Theory
1818	118873	Genetic_Algorithms
1819	8687	Genetic_Algorithms
1820	226698	Case_Based
1821	578365	Probabilistic_Methods
1822	1135589	Genetic_Algorithms
1823	8696	Genetic_Algorithms
1824	1118823	Probabilistic_Methods
1825	411005	Case_Based
1826	509315	Neural_Networks
1827	171954	Neural_Networks
1828	230300	Rule_Learning
1829	1105011	Genetic_Algorithms
1830	1121057	Neural_Networks
1831	592973	Probabilistic_Methods
1832	592975	Case_Based
1833	48066	Case_Based
1834	248431	Probabilistic_Methods
1835	1121063	Probabilistic_Methods
1836	592986	Neural_Networks
1837	48075	Case_Based
1838	289885	Neural_Networks
1839	592993	Probabilistic_Methods
1840	592996	Neural_Networks
1841	28489	Probabilistic_Methods
1842	590022	Neural_Networks
1843	111676	Genetic_Algorithms
1844	13205	Neural_Networks
1845	13208	Neural_Networks
1846	102938	Probabilistic_Methods
1847	102939	Genetic_Algorithms
1848	416867	Neural_Networks
1849	72805	Genetic_Algorithms
1850	574009	Rule_Learning
1851	294239	Genetic_Algorithms
1852	1131223	Genetic_Algorithms
1853	77108	Probabilistic_Methods
1854	5064	Case_Based
1855	5069	Probabilistic_Methods
1856	1131230	Probabilistic_Methods
1857	40125	Probabilistic_Methods
1858	1123215	Genetic_Algorithms
1859	20526	Probabilistic_Methods
1860	20528	Case_Based
1861	77112	Probabilistic_Methods
1862	107251	Probabilistic_Methods
1863	107252	Probabilistic_Methods
1864	5075	Genetic_Algorithms
1865	126128	Probabilistic_Methods
1866	734406	Genetic_Algorithms
1867	40131	Rule_Learning
1868	703953	Genetic_Algorithms
1869	40135	Neural_Networks
1870	1131257	Neural_Networks
1871	1123239	Probabilistic_Methods
1872	1129778	Genetic_Algorithms
1873	662250	Genetic_Algorithms
1874	711994	Probabilistic_Methods
1875	273949	Probabilistic_Methods
1876	1131266	Neural_Networks
1877	1130539	Probabilistic_Methods
1878	377303	Neural_Networks
1879	179180	Genetic_Algorithms
1880	1129798	Probabilistic_Methods
1881	1114512	Probabilistic_Methods
1882	1110950	Genetic_Algorithms
1883	12558	Case_Based
1884	853114	Probabilistic_Methods
1885	853115	Genetic_Algorithms
1886	853116	Genetic_Algorithms
1887	853118	Rule_Learning
1888	1114526	Rule_Learning
1889	212930	Genetic_Algorithms
1890	206371	Reinforcement_Learning
1891	105856	Rule_Learning
1892	463	Neural_Networks
1893	20592	Probabilistic_Methods
1894	51049	Probabilistic_Methods
1895	20593	Neural_Networks
1896	83746	Rule_Learning
1897	124734	Reinforcement_Learning
1898	106590	Reinforcement_Learning
1899	1133417	Reinforcement_Learning
1900	1125402	Reinforcement_Learning
1901	1153024	Neural_Networks
1902	853155	Reinforcement_Learning
1903	1118120	Neural_Networks
1904	1105810	Reinforcement_Learning
1905	1113831	Genetic_Algorithms
1906	646289	Genetic_Algorithms
1907	1106546	Reinforcement_Learning
1908	31479	Theory
1909	31483	Theory
1910	31489	Theory
1911	94639	Reinforcement_Learning
1912	631015	Reinforcement_Learning
1913	645571	Theory
1914	1106568	Reinforcement_Learning
1915	430711	Reinforcement_Learning
1916	7296	Reinforcement_Learning
1917	1132731	Theory
1918	1153064	Genetic_Algorithms
1919	93923	Theory
1920	1134197	Reinforcement_Learning
1921	87363	Neural_Networks
1922	395540	Genetic_Algorithms
1923	395547	Theory
1924	50381	Theory
1925	1129015	Case_Based
1926	126909	Neural_Networks
1927	143676	Genetic_Algorithms
1928	395553	Neural_Networks
1929	752684	Neural_Networks
1930	1129021	Neural_Networks
1931	19045	Neural_Networks
1932	631052	Neural_Networks
1933	126912	Theory
1934	116790	Neural_Networks
1935	5869	Neural_Networks
1936	579108	Neural_Networks
1937	683355	Neural_Networks
1938	1105877	Neural_Networks
1939	59772	Genetic_Algorithms
1940	243483	Theory
1941	126926	Neural_Networks
1942	155277	Neural_Networks
1943	1128314	Case_Based
1944	1105887	Neural_Networks
1945	1110209	Neural_Networks
1946	307656	Neural_Networks
1947	199571	Neural_Networks
1948	1152394	Rule_Learning
1949	60560	Neural_Networks
1950	595193	Neural_Networks
1951	990075	Theory
1952	119686	Neural_Networks
1953	1154520	Neural_Networks
1954	28504	Neural_Networks
1955	1154524	Neural_Networks
1956	1154525	Neural_Networks
1957	1129096	Neural_Networks
1958	1128369	Neural_Networks
1959	96845	Neural_Networks
1960	380341	Neural_Networks
1961	8766	Case_Based
1962	1110256	Neural_Networks
1963	55403	Probabilistic_Methods
1964	389715	Reinforcement_Learning
1965	1153816	Neural_Networks
1966	131317	Theory
1967	260979	Theory
1968	264556	Neural_Networks
1969	35852	Neural_Networks
1970	1119671	Theory
1971	1153853	Neural_Networks
1972	1112417	Neural_Networks
1973	1153860	Genetic_Algorithms
1974	1153861	Genetic_Algorithms
1975	35863	Neural_Networks
1976	1121176	Case_Based
1977	1131301	Neural_Networks
1978	1131305	Genetic_Algorithms
1979	1105148	Neural_Networks
1980	134219	Probabilistic_Methods
1981	671052	Reinforcement_Learning
1982	1131312	Genetic_Algorithms
1983	156794	Genetic_Algorithms
1984	1153896	Probabilistic_Methods
1985	1153899	Theory
1986	167656	Theory
1987	239829	Rule_Learning
1988	1104435	Neural_Networks
1989	187260	Probabilistic_Methods
1990	231198	Probabilistic_Methods
1991	1131334	Case_Based
1992	1131335	Probabilistic_Methods
1993	142268	Probabilistic_Methods
1994	504	Neural_Networks
1995	506	Neural_Networks
1996	228990	Genetic_Algorithms
1997	228992	Genetic_Algorithms
1998	1132073	Probabilistic_Methods
1999	654326	Genetic_Algorithms
2000	1116044	Probabilistic_Methods
2001	1131359	Genetic_Algorithms
2002	643485	Theory
2003	654339	Neural_Networks
2004	1107319	Theory
2005	132821	Probabilistic_Methods
2006	360028	Case_Based
2007	214472	Theory
2008	646334	Theory
2009	653628	Probabilistic_Methods
2010	1107325	Neural_Networks
2011	166989	Probabilistic_Methods
2012	1111788	Probabilistic_Methods
2013	151708	Neural_Networks
2014	118259	Neural_Networks
2015	32260	Neural_Networks
2016	137130	Probabilistic_Methods
2017	92589	Neural_Networks
2018	118260	Neural_Networks
2019	124828	Probabilistic_Methods
2020	141596	Neural_Networks
2021	197452	Case_Based
2022	646357	Neural_Networks
2023	1153106	Case_Based
2024	30817	Neural_Networks
2025	642798	Neural_Networks
2026	1130676	Probabilistic_Methods
2027	1107355	Case_Based
2028	1118209	Theory
2029	987188	Case_Based
2030	87417	Case_Based
2031	23545	Genetic_Algorithms
2032	23546	Theory
2033	1113926	Neural_Networks
2034	94713	Neural_Networks
2035	1107367	Neural_Networks
2036	987197	Neural_Networks
2037	521183	Rule_Learning
2038	1114664	Neural_Networks
2039	69296	Genetic_Algorithms
2040	51180	Case_Based
2041	43165	Neural_Networks
2042	1132815	Neural_Networks
2043	1107385	Case_Based
2044	100197	Theory
2045	520471	Theory
2046	215912	Genetic_Algorithms
2047	61312	Probabilistic_Methods
2048	1129106	Neural_Networks
2049	43186	Genetic_Algorithms
2050	1129111	Theory
2051	41732	Case_Based
2052	22869	Case_Based
2053	9513	Case_Based
2054	9515	Reinforcement_Learning
2055	119712	Probabilistic_Methods
2056	270456	Genetic_Algorithms
2057	5959	Case_Based
2058	576362	Probabilistic_Methods
2059	1153183	Neural_Networks
2060	22874	Probabilistic_Methods
2061	22875	Neural_Networks
2062	22876	Case_Based
2063	1124837	Neural_Networks
2064	1132857	Neural_Networks
2065	594511	Theory
2066	22883	Case_Based
2067	238401	Neural_Networks
2068	1136449	Genetic_Algorithms
2069	714208	Reinforcement_Learning
2070	9559	Rule_Learning
2071	135798	Neural_Networks
2072	1152490	Probabilistic_Methods
2073	1109566	Reinforcement_Learning
2074	1103038	Genetic_Algorithms
2075	177115	Neural_Networks
2076	523394	Neural_Networks
2077	1128453	Neural_Networks
2078	1109581	Genetic_Algorithms
2079	101660	Probabilistic_Methods
2080	101662	Neural_Networks
2081	9581	Neural_Networks
2082	9586	Case_Based
2083	1135750	Neural_Networks
2084	51934	Neural_Networks
2085	762980	Probabilistic_Methods
2086	1153900	Probabilistic_Methods
2087	593859	Neural_Networks
2088	714256	Probabilistic_Methods
2089	8874	Neural_Networks
2090	25794	Rule_Learning
2091	75121	Genetic_Algorithms
2092	28632	Genetic_Algorithms
2093	1153922	Genetic_Algorithms
2094	1119742	Genetic_Algorithms
2095	63549	Neural_Networks
2096	1138619	Rule_Learning
2097	1102364	Neural_Networks
2098	28640	Neural_Networks
2099	28641	Neural_Networks
2100	409725	Neural_Networks
2101	292277	Neural_Networks
2102	606479	Probabilistic_Methods
2103	1153942	Probabilistic_Methods
2104	1153945	Genetic_Algorithms
2105	1153946	Rule_Learning
2106	709113	Neural_Networks
2107	194609	Neural_Networks
2108	90470	Neural_Networks
2109	820661	Case_Based
2110	820662	Case_Based
2111	1105231	Neural_Networks
2112	73712	Genetic_Algorithms
2113	54844	Rule_Learning
2114	684972	Probabilistic_Methods
2115	134314	Case_Based
2116	735303	Neural_Networks
2117	824245	Genetic_Algorithms
2118	195361	Case_Based
2119	529165	Rule_Learning
2120	1131414	Genetic_Algorithms
2121	617378	Neural_Networks
2122	1120563	Probabilistic_Methods
2123	47570	Neural_Networks
2124	684986	Probabilistic_Methods
2125	735311	Genetic_Algorithms
2126	187354	Neural_Networks
2127	1132157	Rule_Learning
2128	58436	Neural_Networks
2129	278403	Neural_Networks
2130	58453	Neural_Networks
2131	58454	Probabilistic_Methods
2132	206524	Neural_Networks
2133	593104	Case_Based
2134	133628	Genetic_Algorithms
2135	46887	Probabilistic_Methods
2136	49720	Neural_Networks
2137	1131471	Neural_Networks
2138	643597	Rule_Learning
2139	1107418	Genetic_Algorithms
2140	1129994	Probabilistic_Methods
2141	573535	Probabilistic_Methods
2142	814836	Neural_Networks
2143	1119004	Rule_Learning
2144	1134320	Probabilistic_Methods
2145	1116181	Neural_Networks
2146	1108167	Probabilistic_Methods
2147	1108169	Probabilistic_Methods
2148	49753	Probabilistic_Methods
2149	57773	Genetic_Algorithms
2150	7430	Rule_Learning
2151	521251	Genetic_Algorithms
2152	593155	Genetic_Algorithms
2153	642894	Neural_Networks
2154	1126315	Genetic_Algorithms
2155	1108175	Neural_Networks
2156	1059953	Neural_Networks
2157	521269	Rule_Learning
2158	1118302	Rule_Learning
2159	1130780	Genetic_Algorithms
2160	1134346	Neural_Networks
2161	1134348	Neural_Networks
2162	1135082	Neural_Networks
2163	899085	Genetic_Algorithms
2164	124952	Genetic_Algorithms
2165	240791	Neural_Networks
2166	189571	Genetic_Algorithms
2167	189572	Genetic_Algorithms
2168	1126350	Reinforcement_Learning
2169	189574	Reinforcement_Learning
2170	177993	Reinforcement_Learning
2171	27230	Reinforcement_Learning
2172	1119078	Theory
2173	128540	Reinforcement_Learning
2174	308529	Reinforcement_Learning
2175	54131	Neural_Networks
2176	75983	Reinforcement_Learning
2177	15670	Theory
2178	33818	Genetic_Algorithms
2179	95594	Theory
2180	6782	Probabilistic_Methods
2181	33823	Probabilistic_Methods
2182	25805	Theory
2183	1153287	Genetic_Algorithms
2184	596075	Theory
2185	817774	Reinforcement_Learning
2186	18532	Probabilistic_Methods
2187	18536	Case_Based
2188	235670	Theory
2189	235678	Theory
2190	235679	Reinforcement_Learning
2191	739707	Reinforcement_Learning
2192	17811	Theory
2193	503871	Neural_Networks
2194	235683	Theory
2195	1128531	Reinforcement_Learning
2196	594649	Case_Based
2197	1128536	Genetic_Algorithms
2198	1102400	Neural_Networks
2199	593921	Neural_Networks
2200	486840	Neural_Networks
2201	1127810	Neural_Networks
2202	503893	Theory
2203	399370	Neural_Networks
2204	387795	Neural_Networks
2205	220420	Genetic_Algorithms
2206	593942	Genetic_Algorithms
2207	8961	Theory
2208	645016	Neural_Networks
2209	481073	Reinforcement_Learning
2210	11337	Theory
2211	578650	Genetic_Algorithms
2212	1130069	Neural_Networks
2213	1127851	Rule_Learning
2214	124224	Probabilistic_Methods
2215	37483	Neural_Networks
2216	578669	Genetic_Algorithms
2217	1127863	Genetic_Algorithms
2218	1135894	Neural_Networks
2219	645046	Neural_Networks
2220	22229	Genetic_Algorithms
2221	149669	Case_Based
2222	365294	Reinforcement_Learning
2223	169279	Neural_Networks
2224	1138755	Neural_Networks
2225	323128	Theory
2226	22241	Genetic_Algorithms
2227	156977	Neural_Networks
2228	763010	Neural_Networks
2229	1120650	Rule_Learning
2230	1105344	Neural_Networks
2231	59244	Case_Based
2232	286500	Genetic_Algorithms
2233	567005	Neural_Networks
2234	644361	Probabilistic_Methods
2235	644363	Probabilistic_Methods
2236	154023	Neural_Networks
2237	286513	Genetic_Algorithms
2238	459206	Genetic_Algorithms
2239	671269	Probabilistic_Methods
2240	1105360	Rule_Learning
2241	1112650	Case_Based
2242	632796	Probabilistic_Methods
2243	47682	Theory
2244	47683	Case_Based
2245	47684	Case_Based
2246	4637	Theory
2247	642920	Neural_Networks
2248	634902	Genetic_Algorithms
2249	459213	Genetic_Algorithms
2250	459214	Genetic_Algorithms
2251	634904	Genetic_Algorithms
2252	459216	Reinforcement_Learning
2253	20821	Rule_Learning
2254	178718	Genetic_Algorithms
2255	1108209	Genetic_Algorithms
2256	1112665	Neural_Networks
2257	1104647	Genetic_Algorithms
2258	1140289	Neural_Networks
2259	66563	Genetic_Algorithms
2260	67292	Neural_Networks
2261	66564	Genetic_Algorithms
2262	154047	Neural_Networks
2263	642930	Neural_Networks
2264	654519	Genetic_Algorithms
2265	178727	Genetic_Algorithms
2266	1135108	Probabilistic_Methods
2267	593201	Genetic_Algorithms
2268	162075	Neural_Networks
2269	593209	Genetic_Algorithms
2270	107569	Neural_Networks
2271	1123530	Genetic_Algorithms
2272	1135115	Neural_Networks
2273	1132285	Neural_Networks
2274	1131557	Genetic_Algorithms
2275	162080	Neural_Networks
2276	3932	Case_Based
2277	593210	Genetic_Algorithms
2278	118424	Neural_Networks
2279	1135122	Neural_Networks
2280	634938	Genetic_Algorithms
2281	1131565	Neural_Networks
2282	20857	Rule_Learning
2283	118435	Neural_Networks
2284	118436	Neural_Networks
2285	643695	Probabilistic_Methods
2286	1130847	Genetic_Algorithms
2287	1111978	Probabilistic_Methods
2288	1154012	Neural_Networks
2289	1108258	Case_Based
2290	49844	Theory
2291	49847	Rule_Learning
2292	189620	Probabilistic_Methods
2293	189623	Probabilistic_Methods
2294	1108267	Case_Based
2295	1050679	Genetic_Algorithms
2296	634975	Genetic_Algorithms
2297	1114838	Neural_Networks
2298	577227	Genetic_Algorithms
2299	28026	Case_Based
2300	601561	Case_Based
2301	24476	Case_Based
2302	1026	Genetic_Algorithms
2303	95642	Case_Based
2304	270600	Neural_Networks
2305	145384	Reinforcement_Learning
2306	16461	Neural_Networks
2307	35335	Neural_Networks
2308	1138027	Case_Based
2309	1035	Genetic_Algorithms
2310	1114864	Neural_Networks
2311	1154068	Probabilistic_Methods
2312	449841	Rule_Learning
2313	1154071	Probabilistic_Methods
2314	1106854	Neural_Networks
2315	210309	Probabilistic_Methods
2316	801170	Genetic_Algorithms
2317	251756	Neural_Networks
2318	645870	Probabilistic_Methods
2319	144679	Genetic_Algorithms
2320	1138043	Neural_Networks
2321	86923	Neural_Networks
2322	342802	Neural_Networks
2323	1152633	Neural_Networks
2324	711527	Rule_Learning
2325	684372	Neural_Networks
2326	216878	Neural_Networks
2327	62274	Probabilistic_Methods
2328	72406	Reinforcement_Learning
2329	101811	Genetic_Algorithms
2330	246618	Genetic_Algorithms
2331	1136631	Theory
2332	1152676	Genetic_Algorithms
2333	235776	Theory
2334	57119	Genetic_Algorithms
2335	119956	Neural_Networks
2336	948147	Neural_Networks
2337	739816	Neural_Networks
2338	3222	Probabilistic_Methods
2339	1117786	Rule_Learning
2340	1110520	Theory
2341	36802	Probabilistic_Methods
2342	3232	Theory
2343	3237	Rule_Learning
2344	1111265	Neural_Networks
2345	695284	Neural_Networks
2346	37541	Neural_Networks
2347	1110546	Genetic_Algorithms
2348	71736	Probabilistic_Methods
2349	1135955	Theory
2350	12155	Theory
2351	258259	Neural_Networks
2352	1114118	Neural_Networks
2353	606647	Reinforcement_Learning
2354	12165	Reinforcement_Learning
2355	1110563	Neural_Networks
2356	12169	Theory
2357	1133004	Neural_Networks
2358	1133008	Neural_Networks
2359	1102567	Case_Based
2360	12195	Theory
2361	28851	Genetic_Algorithms
2362	644427	Probabilistic_Methods
2363	1113438	Genetic_Algorithms
2364	1121459	Neural_Networks
2365	689439	Rule_Learning
2366	633585	Probabilistic_Methods
2367	31083	Neural_Networks
2368	6152	Reinforcement_Learning
2369	1119987	Case_Based
2370	1114184	Neural_Networks
2371	82664	Case_Based
2372	82666	Neural_Networks
2373	672070	Neural_Networks
2374	672071	Neural_Networks
2375	632874	Probabilistic_Methods
2376	1114192	Neural_Networks
2377	644470	Probabilistic_Methods
2378	5462	Neural_Networks
2379	594011	Genetic_Algorithms
2380	20924	Case_Based
2381	1131634	Genetic_Algorithms
2382	1120786	Probabilistic_Methods
2383	1112767	Neural_Networks
2384	180301	Probabilistic_Methods
2385	160705	Neural_Networks
2386	628458	Neural_Networks
2387	628459	Neural_Networks
2388	1130915	Neural_Networks
2389	1116336	Probabilistic_Methods
2390	390889	Probabilistic_Methods
2391	57922	Neural_Networks
2392	594039	Neural_Networks
2393	13654	Case_Based
2394	57932	Neural_Networks
2395	73972	Case_Based
2396	198443	Neural_Networks
2397	60159	Neural_Networks
2398	101143	Probabilistic_Methods
2399	101145	Case_Based
2400	763181	Probabilistic_Methods
2401	44121	Neural_Networks
2402	593328	Probabilistic_Methods
2403	259772	Neural_Networks
2404	189708	Neural_Networks
2405	60169	Neural_Networks
2406	24530	Neural_Networks
2407	467383	Neural_Networks
2408	20972	Probabilistic_Methods
2409	13686	Neural_Networks
2410	152731	Probabilistic_Methods
2411	118558	Probabilistic_Methods
2412	118559	Probabilistic_Methods
2413	1154123	Neural_Networks
2414	1154124	Rule_Learning
2415	1126503	Probabilistic_Methods
2416	40583	Rule_Learning
2417	95719	Neural_Networks
2418	693143	Neural_Networks
2419	36131	Rule_Learning
2420	1123689	Neural_Networks
2421	6913	Probabilistic_Methods
2422	256106	Neural_Networks
2423	36140	Case_Based
2424	1115670	Neural_Networks
2425	1108389	Neural_Networks
2426	6923	Neural_Networks
2427	6925	Rule_Learning
2428	36162	Probabilistic_Methods
2429	62329	Case_Based
2430	36167	Rule_Learning
2431	6941	Probabilistic_Methods
2432	245288	Probabilistic_Methods
2433	62333	Probabilistic_Methods
2434	189774	Neural_Networks
2435	1133846	Theory
2436	167205	Case_Based
2437	62347	Case_Based
2438	267003	Theory
2439	1114992	Neural_Networks
2440	1112026	Genetic_Algorithms
2441	1119295	Genetic_Algorithms
2442	1111304	Genetic_Algorithms
2443	964248	Reinforcement_Learning
2444	45603	Reinforcement_Learning
2445	1109830	Neural_Networks
2446	1152761	Genetic_Algorithms
2447	62389	Theory
2448	444191	Neural_Networks
2449	263482	Reinforcement_Learning
2450	263486	Reinforcement_Learning
2451	263498	Neural_Networks
2452	675756	Reinforcement_Learning
2453	1125895	Genetic_Algorithms
2454	627024	Neural_Networks
2455	12211	Genetic_Algorithms
2456	643069	Neural_Networks
2457	1112075	Rule_Learning
2458	884094	Genetic_Algorithms
2459	120817	Neural_Networks
2460	1110628	Reinforcement_Learning
2461	18770	Neural_Networks
2462	18773	Theory
2463	173863	Neural_Networks
2464	1130243	Neural_Networks
2465	1102625	Probabilistic_Methods
2466	63812	Probabilistic_Methods
2467	18781	Neural_Networks
2468	18785	Case_Based
2469	1129494	Probabilistic_Methods
2470	578845	Neural_Networks
2471	68115	Genetic_Algorithms
2472	293271	Neural_Networks
2473	63835	Neural_Networks
2474	1919	Probabilistic_Methods
2475	164	Neural_Networks
2476	293285	Reinforcement_Learning
2477	12275	Neural_Networks
2478	1103383	Genetic_Algorithms
2479	1114239	Genetic_Algorithms
2480	6215	Genetic_Algorithms
2481	288107	Theory
2482	385067	Case_Based
2483	1121537	Theory
2484	1103394	Case_Based
2485	6224	Reinforcement_Learning
2486	2663	Neural_Networks
2487	104840	Neural_Networks
2488	632935	Probabilistic_Methods
2489	1106236	Case_Based
2490	375605	Genetic_Algorithms
2491	1132406	Neural_Networks
2492	28964	Probabilistic_Methods
2493	308003	Rule_Learning
2494	47839	Reinforcement_Learning
2495	753070	Neural_Networks
2496	563613	Neural_Networks
2497	1132416	Neural_Networks
2498	2695	Neural_Networks
2499	2696	Neural_Networks
2500	2698	Neural_Networks
2501	1105530	Neural_Networks
2502	1113551	Case_Based
2503	688824	Neural_Networks
2504	1138968	Genetic_Algorithms
2505	1120858	Neural_Networks
2506	40605	Neural_Networks
2507	1132443	Neural_Networks
2508	1999	Theory
2509	33325	Neural_Networks
2510	644577	Probabilistic_Methods
2511	66751	Theory
2512	594119	Genetic_Algorithms
2513	1132461	Neural_Networks
2514	1115701	Probabilistic_Methods
2515	1131741	Genetic_Algorithms
2516	270085	Genetic_Algorithms
2517	1136040	Neural_Networks
2518	1131752	Genetic_Algorithms
2519	1131754	Genetic_Algorithms
2520	4878	Case_Based
2521	1123756	Probabilistic_Methods
2522	1135345	Neural_Networks
2523	1107728	Reinforcement_Learning
2524	1154232	Probabilistic_Methods
2525	1154233	Probabilistic_Methods
2526	17363	Neural_Networks
2527	1213	Rule_Learning
2528	149139	Neural_Networks
2529	28230	Case_Based
2530	50838	Case_Based
2531	1125906	Probabilistic_Methods
2532	32698	Probabilistic_Methods
2533	754594	Neural_Networks
2534	1133930	Neural_Networks
2535	1115790	Neural_Networks
2536	28249	Reinforcement_Learning
2537	1237	Neural_Networks
2538	684531	Neural_Networks
2539	238099	Neural_Networks
2540	131042	Probabilistic_Methods
2541	444240	Genetic_Algorithms
2542	1112106	Neural_Networks
2543	27535	Probabilistic_Methods
2544	28267	Case_Based
2545	1120138	Neural_Networks
2546	1117920	Probabilistic_Methods
2547	1125944	Neural_Networks
2548	1118658	Theory
2549	263553	Neural_Networks
2550	1125953	Rule_Learning
2551	114308	Genetic_Algorithms
2552	630817	Neural_Networks
2553	687401	Neural_Networks
2554	594900	Genetic_Algorithms
2555	10174	Theory
2556	73323	Case_Based
2557	46431	Theory
2558	202520	Probabilistic_Methods
2559	15987	Probabilistic_Methods
2560	10186	Case_Based
2561	294030	Case_Based
2562	675847	Neural_Networks
2563	190697	Genetic_Algorithms
2564	576795	Genetic_Algorithms
2565	1125993	Neural_Networks
2566	519318	Neural_Networks
2567	1120197	Neural_Networks
2568	1152896	Theory
2569	1122304	Neural_Networks
2570	2702	Neural_Networks
2571	1129572	Neural_Networks
2572	1112194	Neural_Networks
2573	29738	Neural_Networks
2574	1128868	Neural_Networks
2575	633721	Neural_Networks
2576	630890	Neural_Networks
2577	1123068	Theory
2578	561568	Neural_Networks
2579	733534	Neural_Networks
2580	1102751	Case_Based
2581	1114336	Case_Based
2582	1123087	Neural_Networks
2583	6311	Theory
2584	116512	Genetic_Algorithms
2585	6318	Theory
2586	7047	Case_Based
2587	1123093	Theory
2588	1103499	Probabilistic_Methods
2589	151430	Rule_Learning
2590	431206	Neural_Networks
2591	372862	Rule_Learning
2592	561593	Case_Based
2593	1106330	Theory
2594	1105603	Neural_Networks
2595	1132505	Neural_Networks
2596	74821	Neural_Networks
2597	6344	Case_Based
2598	116545	Genetic_Algorithms
2599	733576	Neural_Networks
2600	1112911	Genetic_Algorithms
2601	1105622	Neural_Networks
2602	1102794	Theory
2603	262108	Probabilistic_Methods
2604	116552	Genetic_Algorithms
2605	41417	Case_Based
2606	1140543	Neural_Networks
2607	14529	Theory
2608	1117219	Neural_Networks
2609	1107095	Rule_Learning
2610	1140548	Neural_Networks
2611	523010	Neural_Networks
2612	42156	Neural_Networks
2613	262121	Genetic_Algorithms
2614	22564	Case_Based
2615	14545	Neural_Networks
2616	22566	Case_Based
2617	1106388	Rule_Learning
2618	429781	Theory
2619	335042	Neural_Networks
2620	219218	Probabilistic_Methods
2621	610529	Neural_Networks
2622	250566	Theory
2623	1104946	Theory
2624	195792	Genetic_Algorithms
2625	1152179	Neural_Networks
2626	89308	Case_Based
2627	350373	Theory
2628	628667	Neural_Networks
2629	628668	Reinforcement_Learning
2630	102061	Genetic_Algorithms
2631	430574	Neural_Networks
2632	1107808	Probabilistic_Methods
2633	1110028	Theory
2634	45052	Probabilistic_Methods
2635	89335	Case_Based
2636	252715	Rule_Learning
2637	4983	Neural_Networks
2638	646837	Genetic_Algorithms
2639	1139009	Neural_Networks
2640	252725	Genetic_Algorithms
2641	593544	Genetic_Algorithms
2642	299195	Neural_Networks
2643	593559	Genetic_Algorithms
2644	1108570	Theory
2645	272345	Case_Based
2646	593560	Neural_Networks
2647	70520	Neural_Networks
2648	131122	Case_Based
2649	8591	Rule_Learning
2650	217852	Rule_Learning
2651	264347	Neural_Networks
2652	7867	Neural_Networks
2653	27612	Theory
2654	1152917	Probabilistic_Methods
2655	28359	Reinforcement_Learning
2656	103528	Case_Based
2657	46500	Neural_Networks
2658	27631	Reinforcement_Learning
2659	289779	Genetic_Algorithms
2660	103537	Probabilistic_Methods
2661	633081	Neural_Networks
2662	255628	Neural_Networks
2663	397590	Rule_Learning
2664	1129610	Neural_Networks
2665	50980	Case_Based
2666	28385	Reinforcement_Learning
2667	427606	Neural_Networks
2668	616336	Rule_Learning
2669	1120252	Probabilistic_Methods
2670	1152958	Neural_Networks
2671	1152959	Neural_Networks
2672	1385	Neural_Networks
2673	254923	Genetic_Algorithms
2674	34961	Case_Based
2675	46547	Theory
2676	13136	Neural_Networks
2677	1131137	Case_Based
2678	233106	Neural_Networks
2679	561613	Neural_Networks
2680	1131149	Neural_Networks
2681	1104258	Neural_Networks
2682	1152991	Probabilistic_Methods
2683	447250	Neural_Networks
2684	115188	Neural_Networks
2685	102879	Theory
2686	1131150	Neural_Networks
2687	56708	Theory
2688	1128943	Genetic_Algorithms
2689	134060	Reinforcement_Learning
2690	102884	Neural_Networks
2691	1131163	Neural_Networks
2692	4274	Probabilistic_Methods
2693	1131172	Probabilistic_Methods
2694	767763	Probabilistic_Methods
2695	152226	Probabilistic_Methods
2696	152227	Theory
2697	626530	Probabilistic_Methods
2698	626531	Probabilistic_Methods
2699	1131180	Probabilistic_Methods
2700	1130454	Case_Based
2701	1131184	Neural_Networks
2702	1128974	Neural_Networks
2703	1128975	Genetic_Algorithms
2704	1128977	Genetic_Algorithms
2705	1128978	Genetic_Algorithms
2706	117328	Case_Based
2707	24043	Neural_Networks
